companyName,companyLocation,bussinessSector,contactInfo
"IQuition Intuitive Learning","oregon","public","+1(478) 394-4847 - upport@iquition.com"
"The Rise Network","Connecticut","public","700 State Street New Haven, CT 06511 -- (203) 535-0320"
"City Long Beach","Long Beach CA","Public","Dean.Wang@lbwater.org or 562.570.2311."
"Education Under Construction Consulting","1400 Chestnut Ave","public","1-224-529-1637"
"GoBelieve","Philadelphia","public","info@gobelieveculture.com"
"NSF EPSCoR CPU2AL","alabama","private","256.824.1000"
"Minority Access, Inc.","5214 Baltimore Ave, Hyattsville, MD 20781","public","(301) 779-7100"
"ERS","23282 Mill Creek Dr #160, Laguna Hills, CA 92653","public","(800) 377-2430"
"AT&T","global","public","844-957-0674"
"Microsoft","global","public","(800) 642-7676"